1,"38 Allanbrooke Dr, Etobicoke, ON M9A 3N8, Canada"
2,"3 Conamore Crescent, North York, ON M3J 1H2, Canada"
3,"50 O'Donnell Ave, Etobicoke, ON M8Z 3X9, Canada"
4,"1-11 Larkdale Terrace, Brampton, ON L6R 1W5, Canada"
5,"9 Nobert Rd, Scarborough, ON M1T 1C2, Canada"
6,"5146 Dundas St W, Etobicoke, ON M9A 1C2, Canada"
7,"30 Western Battery Rd, Toronto, ON M6K 3P1, Canada"
8,"133 James St, Peterborough, ON K9H 1C7, Canada"
9,"3 Ranwood Dr, North York, ON M9N 3E8, Canada"
10,"4795 Woodview Rd, Burlington, ON L7N, Canada"
11,"1078 Maury Crescent, Pickering, ON L1X 1R1, Canada"
12,"164 Large Crescent, Ajax, ON L1T 2S4, Canada"
13,"Queen Mary Dr, Brampton, ON L7A 0C7, Canada"
14,"3513-3517 Spruce Ave, Burlington, ON L7N 1K4, Canada"
15,"64-68 Roadmaster Ln, Brampton, ON L7A 3A9, Canada"
16,"Queen Mary Dr, Brampton, ON L7A 0C7, Canada"
17,"1590-1600 Kenmuir Ave, Mississauga, ON L5G 4B5, Canada"
18,"2035 S Millway, Mississauga, ON L5L 1R7, Canada"
19,"77 Harridine Rd, Brampton, ON L6X 2X1, Canada"
20,"105 Saddletree Trail, Brampton, ON L6X 4N1, Canada"
21,"Lost Canyon Way, Brampton, ON L6X 0E4, Canada"
22,"10671 Chinguacousy Rd, Brampton, ON L7A 3E9, Canada"
23,"58-66 Baif Blvd, Richmond Hill, ON L4C 5N8, Canada"
24,"611 Farwell Crescent, Mississauga, ON L5R 2A9, Canada"
25,"628-636 King St W, Toronto, ON M5V 1M7, Canada"
26,"119 Dallimore Cir, North York, ON M3C 4E5, Canada"
27,"5363 Longford Dr, Mississauga, ON L5M 7Y8, Canada"
28,"1758 Spartan Ct, Pickering, ON L1V 7G6, Canada"
29,"607-625 Myrtle Rd W, Whitby, ON L0B, Canada"
30,"28 Ballymore Dr, Aurora, ON L4G 7E6, Canada"
31,"6505 Warbler Ln, Mississauga, ON L5N 6E1, Canada"
32,"99 Woodhaven Park Dr, Oakville, ON L6L 4K4, Canada"
33,"2965 Hazelton Pl, Mississauga, ON L5M 6J3, Canada"
34,"117 Donegall Dr, East York, ON M4G 3H1, Canada"
35,"173 B Front St E, Toronto, ON M5A 3Z4, Canada"
36,"60 Richview Rd, Etobicoke, ON M9A 5E4, Canada"
37,"35 Hartwell Way, Aurora, ON L4G 7X4, Canada"
38,"4033 Hurontario St, Mississauga, ON L5B, Canada"
39,"180 Mississauga Valley Blvd, Mississauga, ON L5A, Canada"
40,"20 Burwood Rd, Etobicoke, ON M9B 2W5, Canada"
41,"29-35 Berwick Ave, Toronto, ON M5P 1G9, Canada"
42,"82 The Queensway, Toronto, ON M6S, Canada"
43,"3332 Testimony Square, Mississauga, ON L5B 3G2, Canada"
44,"Puente de Luz, Toronto, ON M5V, Canada"
45,"137 Kingshill Rd, Richmond Hill, ON L4E 4W9, Canada"
46,"15 Larson Peak Rd, Caledon, ON L7C 3P7, Canada"
47,"1201-1205 Dundas St E, Toronto, ON M4M 1S2, Canada"
48,"45 Martin St, Milton, ON L9T 2R1, Canada"
49,N/A
50,"650 Fleet St, Toronto, ON M5V 1B2, Canada"
51,"10 Park Lawn Rd, Etobicoke, ON M8Y 3K4, Canada"
52,"60 Richview Rd, Etobicoke, ON M9A 5E4, Canada"
53,"20-48 Yorkville Ave, Toronto, ON M4W, Canada"
54,"196 Indian Grove, Toronto, ON M6P 2H2, Canada"
55,"13151 Regional 57 Rd, Blackstock, ON L0B 1B0, Canada"
56,"110-112 Townsgate Dr, Thornhill, ON L4J 8A4, Canada"
57,"54 Snowy Meadow Ave, Richmond Hill, ON L4E, Canada"
58,"1583 Carrington Rd, Mississauga, ON L5M 2K3, Canada"
59,"35-37 Main St, Mississauga, ON L5M 1Y3, Canada"
60,N/A
61,"63 Nickle St, York, ON M6M 2H7, Canada"
62,N/A
63,N/A
64,N/A
65,N/A
66,N/A
67,N/A
68,N/A
69,N/A
70,N/A
71,N/A
72,N/A
73,N/A
74,N/A
75,N/A
76,N/A
77,N/A
78,N/A
79,N/A
80,N/A
81,N/A
82,N/A
83,N/A
84,N/A
85,N/A
86,N/A
87,N/A
88,N/A
89,N/A
90,N/A
91,N/A
92,N/A
93,N/A
94,N/A
95,N/A
96,N/A
97,N/A
98,N/A
99,N/A
100,N/A
101,N/A
102,N/A
103,N/A
104,N/A
105,N/A
106,N/A
107,N/A
108,N/A
109,N/A
110,N/A
111,N/A
112,N/A
113,N/A
114,N/A
115,N/A
116,N/A
117,N/A
118,N/A
119,N/A
120,N/A
121,N/A
122,N/A
123,N/A
124,N/A
125,N/A
126,N/A
127,N/A
128,N/A
129,N/A
130,N/A
131,N/A
132,N/A
133,N/A
134,N/A
135,N/A
136,N/A
137,N/A
138,N/A
139,N/A
140,N/A
141,N/A
142,N/A
143,N/A
144,N/A
145,N/A
146,N/A
147,N/A
148,N/A
149,N/A
150,N/A
151,N/A
152,N/A
153,N/A
154,N/A
155,N/A
156,N/A
157,N/A
158,N/A
159,N/A
160,N/A
161,N/A
162,N/A
163,N/A
164,N/A
165,N/A
166,N/A
167,N/A
168,N/A
169,N/A
170,N/A
171,N/A
172,N/A
173,N/A
174,N/A
175,N/A
176,N/A
177,N/A
178,N/A
179,N/A
180,N/A
181,N/A
182,N/A
183,N/A
184,N/A
185,N/A
186,N/A
187,N/A
188,N/A
189,N/A
190,N/A
191,N/A
192,N/A
193,N/A
194,N/A
195,N/A
196,N/A
197,N/A
198,N/A
199,N/A
200,N/A
201,N/A
202,N/A
203,N/A
204,N/A
205,N/A
206,N/A
207,N/A
208,N/A
209,N/A
210,N/A
211,N/A
212,N/A
213,N/A
214,N/A
215,N/A
216,N/A
217,N/A
218,N/A
219,N/A
220,N/A
221,N/A
222,N/A
223,N/A
224,N/A
225,N/A
226,N/A
227,N/A
228,N/A
229,N/A
230,N/A
231,N/A
232,N/A
233,N/A
234,N/A
235,N/A
236,N/A
237,N/A
238,N/A
239,N/A
240,N/A
241,N/A
242,N/A
243,N/A
244,N/A
245,N/A
246,N/A
247,N/A
248,N/A
249,N/A
250,N/A
251,N/A
252,N/A
253,N/A
254,N/A
255,N/A
256,N/A
257,N/A
258,N/A
259,N/A
260,N/A
261,N/A
262,N/A
263,N/A
264,N/A
265,N/A
266,N/A
267,N/A
268,N/A
269,N/A
270,N/A
271,N/A
272,N/A
273,N/A
274,N/A
275,N/A
276,N/A
277,N/A
278,N/A
279,N/A
280,N/A
281,N/A
282,N/A
283,N/A
284,N/A
285,N/A
286,N/A
287,N/A
288,N/A
289,N/A
290,N/A
291,N/A
292,N/A
293,N/A
294,N/A
295,N/A
296,N/A
297,N/A
298,N/A
299,N/A
300,N/A
301,N/A
302,N/A
303,N/A
304,N/A
305,N/A
306,N/A
307,N/A
308,N/A
309,N/A
310,N/A
311,N/A
312,N/A
313,N/A
314,N/A
315,N/A
316,N/A
317,N/A
318,N/A
319,N/A
320,N/A
321,N/A
322,N/A
323,N/A
324,N/A
325,N/A
326,N/A
327,N/A
328,N/A
329,N/A
330,N/A
331,N/A
332,N/A
333,N/A
334,N/A
335,N/A
336,N/A
337,N/A
338,N/A
339,N/A
340,N/A
341,N/A
342,N/A
343,N/A
344,N/A
345,N/A
346,N/A
347,N/A
348,N/A
349,N/A
350,N/A
351,N/A
352,N/A
353,N/A
354,N/A
355,N/A
356,N/A
357,N/A
358,N/A
359,N/A
360,N/A
361,N/A
362,N/A
363,N/A
364,N/A
365,N/A
366,N/A
367,N/A
368,N/A
369,N/A
370,N/A
371,N/A
372,N/A
373,N/A
374,N/A
375,N/A
376,N/A
377,N/A
378,N/A
379,N/A
380,N/A
381,N/A
382,N/A
383,N/A
384,N/A
385,N/A
386,N/A
387,N/A
388,N/A
389,N/A
390,N/A
391,N/A
392,N/A
393,N/A
394,N/A
395,N/A
396,N/A
397,N/A
398,N/A
399,N/A
400,N/A
401,N/A
402,N/A
403,N/A
404,N/A
405,N/A
406,N/A
407,N/A
408,N/A
409,N/A
410,N/A
411,N/A
412,N/A
413,N/A
414,N/A
415,N/A
416,N/A
417,N/A
418,N/A
419,N/A
420,N/A
421,N/A
422,N/A
423,N/A
424,N/A
425,N/A
426,N/A
427,N/A
428,N/A
429,N/A
430,N/A
431,N/A
432,N/A
433,N/A
434,N/A
435,N/A
436,N/A
437,N/A
438,N/A
439,N/A
440,N/A
441,N/A
442,N/A
443,N/A
444,N/A
445,N/A
446,N/A
447,N/A
448,N/A
449,N/A
450,N/A
451,N/A
452,N/A
453,N/A
454,N/A
455,N/A
456,N/A
457,N/A
458,N/A
459,N/A
460,N/A
461,N/A
462,N/A
463,N/A
464,N/A
465,N/A
466,N/A
467,N/A
468,N/A
469,N/A
470,N/A
471,N/A
472,N/A
473,N/A
474,N/A
475,N/A
476,N/A
477,N/A
478,N/A
479,N/A
480,N/A
481,N/A
482,N/A
483,N/A
484,N/A
485,N/A
486,N/A
487,N/A
488,N/A
489,N/A
490,N/A
491,N/A
492,N/A
493,N/A
494,N/A
495,N/A
496,N/A
497,N/A
498,N/A
499,N/A
500,N/A
501,N/A
502,N/A
503,N/A
504,N/A
505,N/A
506,N/A
507,N/A
508,N/A
509,N/A
510,N/A
511,N/A
512,N/A
513,N/A
514,N/A
515,N/A
516,N/A
517,N/A
518,N/A
519,N/A
520,N/A
521,N/A
522,N/A
523,N/A
524,N/A
525,N/A
526,N/A
527,N/A
528,N/A
529,N/A
530,N/A
531,N/A
532,N/A
533,N/A
534,N/A
535,N/A
536,N/A
537,N/A
538,N/A
539,N/A
540,N/A
541,N/A
542,N/A
543,N/A
544,N/A
545,N/A
546,N/A
547,N/A
548,N/A
549,N/A
550,N/A
551,N/A
552,N/A
553,N/A
554,N/A
555,N/A
556,N/A
557,N/A
558,N/A
559,N/A
560,N/A
561,N/A
562,N/A
563,N/A
564,N/A
565,N/A
566,N/A
567,N/A
568,N/A
569,N/A
570,N/A
571,N/A
572,N/A
573,N/A
574,N/A
575,N/A
576,N/A
577,N/A
578,N/A
579,N/A
580,N/A
581,N/A
582,N/A
583,N/A
584,N/A
585,N/A
586,N/A
587,N/A
588,N/A
589,N/A
590,N/A
591,N/A
592,N/A
593,N/A
594,N/A
595,N/A
596,N/A
597,N/A
598,N/A
599,N/A
600,N/A
601,N/A
602,N/A
603,N/A
604,N/A
605,N/A
606,N/A
607,N/A
608,N/A
609,N/A
610,N/A
611,N/A
612,N/A
613,N/A
614,N/A
615,N/A
616,N/A
617,N/A
618,N/A
619,N/A
620,N/A
621,N/A
622,N/A
623,N/A
624,N/A
625,N/A
626,N/A
627,N/A
628,N/A
629,N/A
630,N/A
631,N/A
632,N/A
633,N/A
634,N/A
635,N/A
636,N/A
637,N/A
638,N/A
639,N/A
640,N/A
641,N/A
642,N/A
643,N/A
644,N/A
645,N/A
646,N/A
647,N/A
648,N/A
649,N/A
650,N/A
651,N/A
652,N/A
653,N/A
654,N/A
655,N/A
656,N/A
657,N/A
658,N/A
659,N/A
660,N/A
661,N/A
662,N/A
663,N/A
664,N/A
665,N/A
666,N/A
667,N/A
668,N/A
669,N/A
670,N/A
671,N/A
672,N/A
673,N/A
674,N/A
675,N/A
676,N/A
677,N/A
678,N/A
679,N/A
680,N/A
681,N/A
682,N/A
683,N/A
684,N/A
685,N/A
686,N/A
687,N/A
688,N/A
689,N/A
690,N/A
691,N/A
692,N/A
693,N/A
694,N/A
695,N/A
696,N/A
697,N/A
698,N/A
699,N/A
700,N/A
701,N/A
702,N/A
703,N/A
704,N/A
705,N/A
706,N/A
707,N/A
708,N/A
709,N/A
710,N/A
711,N/A
712,N/A
713,N/A
714,N/A
715,N/A
716,N/A
717,N/A
718,N/A
719,N/A
720,N/A
721,N/A
722,N/A
723,N/A
724,N/A
725,N/A
726,N/A
727,N/A
728,N/A
729,N/A
730,N/A
731,N/A
732,N/A
733,N/A
734,N/A
735,N/A
736,N/A
737,N/A
738,N/A
739,N/A
740,N/A
741,N/A
742,N/A
743,N/A
744,N/A
745,N/A
746,N/A
747,N/A
748,N/A
749,N/A
750,N/A
751,N/A
752,N/A
753,N/A
754,N/A
755,N/A
756,N/A
757,N/A
758,N/A
759,N/A
760,N/A
761,N/A
762,N/A
763,N/A
764,N/A
765,N/A
766,N/A
767,N/A
768,N/A
769,N/A
770,N/A
771,N/A
772,N/A
773,N/A
774,N/A
